"DOCUMENT_TYPE","FILER_NAME","FILER_CIK","FILING_INTERVAL","FILING_DATE","MENTIONED_FINANCIAL_ENTITY","PP_RSSD_ID","ROLE","THREE_SENTENCES","RATING_EXPERT_7","COMMENT_EXPERT_7","RATING_EXPERT_2","COMMENT_EXPERT_2"
"10-K","Ally Financial Inc","40729","2013-FY","3/3/2014","Equity Securities","","Issuer","Mine Safety Disclosures 21 Part II Item 5. Market for Registrant's Common Equity, Related Stockholder Matters and Issuer Purchases of Equity Securities 22 Item 6. Selected Financial Data 23 Item 7.","Irrelevant","","Irrelevant",""
"10-K","Ally Financial Inc","40729","2013-FY","3/3/2014","Ally Bank","","Affiliates","The U.S. banking regulators are also authorized to prohibit a banking subsidiary or bank holding company from engaging in unsafe or unsound banking practices and, depending upon the circumstances, could find that paying a dividend or making a capital distribution would constitute an unsafe or unsound banking practice. 6 Table of Contents Ally Financial Inc. * Form 10-K * Transactions with Affiliates - Certain transactions between Ally Bank and any of its nonbank ""affiliates,"" including but not limited to Ally, are subject to federal statutory and regulatory restrictions. Pursuant to these restrictions, unless otherwise exempted, ""covered transactions"" including Ally Bank's extensions of credit to and asset purchases from its nonbank affiliates, generally (1) are limited to 10% of Ally Bank's capital stock and surplus with respect to transactions with any individual affiliate, with an aggregate limit of 20% of Ally Bank's capital stock and surplus for all affiliates and all such transactions; (2) in the case of certain credit transactions, are subject to stringent collateralization requirements; (3) in the case of asset purchases by Ally Bank, may not involve the purchase of any asset deemed to be a ""low quality asset"" under federal banking guidelines; and (4) must be conducted in accordance with safe-and-sound banking practices (collectively, the Affiliate Transaction Restrictions).","Relevant","Describes affiliate business activity","Relevant",""
"10-K","Ally Financial Inc","40729","2013-FY","3/3/2014","Ally","","Affiliates","The U.S. banking regulators are also authorized to prohibit a banking subsidiary or bank holding company from engaging in unsafe or unsound banking practices and, depending upon the circumstances, could find that paying a dividend or making a capital distribution would constitute an unsafe or unsound banking practice. 6 Table of Contents Ally Financial Inc. * Form 10-K * Transactions with Affiliates - Certain transactions between Ally Bank and any of its nonbank ""affiliates,"" including but not limited to Ally, are subject to federal statutory and regulatory restrictions. Pursuant to these restrictions, unless otherwise exempted, ""covered transactions"" including Ally Bank's extensions of credit to and asset purchases from its nonbank affiliates, generally (1) are limited to 10% of Ally Bank's capital stock and surplus with respect to transactions with any individual affiliate, with an aggregate limit of 20% of Ally Bank's capital stock and surplus for all affiliates and all such transactions; (2) in the case of certain credit transactions, are subject to stringent collateralization requirements; (3) in the case of asset purchases by Ally Bank, may not involve the purchase of any asset deemed to be a ""low quality asset"" under federal banking guidelines; and (4) must be conducted in accordance with safe-and-sound banking practices (collectively, the Affiliate Transaction Restrictions).","Relevant","Describes affiliate business activity","Relevant",""
"10-K","Ally Financial Inc","40729","2013-FY","3/3/2014","Ally Bank","","affiliates","6 Table of Contents Ally Financial Inc. * Form 10-K * Transactions with Affiliates - Certain transactions between Ally Bank and any of its nonbank ""affiliates,"" including but not limited to Ally, are subject to federal statutory and regulatory restrictions. Pursuant to these restrictions, unless otherwise exempted, ""covered transactions"" including Ally Bank's extensions of credit to and asset purchases from its nonbank affiliates, generally (1) are limited to 10% of Ally Bank's capital stock and surplus with respect to transactions with any individual affiliate, with an aggregate limit of 20% of Ally Bank's capital stock and surplus for all affiliates and all such transactions; (2) in the case of certain credit transactions, are subject to stringent collateralization requirements; (3) in the case of asset purchases by Ally Bank, may not involve the purchase of any asset deemed to be a ""low quality asset"" under federal banking guidelines; and (4) must be conducted in accordance with safe-and-sound banking practices (collectively, the Affiliate Transaction Restrictions). In addition, transactions between Ally Bank and a nonbank affiliate generally must be on market terms and conditions.","Relevant","Describes affiliate business activity","Relevant",""
"10-K","Ally Financial Inc","40729","2013-FY","3/3/2014","Ally Bank","","affiliates","6 Table of Contents Ally Financial Inc. * Form 10-K * Transactions with Affiliates - Certain transactions between Ally Bank and any of its nonbank ""affiliates,"" including but not limited to Ally, are subject to federal statutory and regulatory restrictions. Pursuant to these restrictions, unless otherwise exempted, ""covered transactions"" including Ally Bank's extensions of credit to and asset purchases from its nonbank affiliates, generally (1) are limited to 10% of Ally Bank's capital stock and surplus with respect to transactions with any individual affiliate, with an aggregate limit of 20% of Ally Bank's capital stock and surplus for all affiliates and all such transactions; (2) in the case of certain credit transactions, are subject to stringent collateralization requirements; (3) in the case of asset purchases by Ally Bank, may not involve the purchase of any asset deemed to be a ""low quality asset"" under federal banking guidelines; and (4) must be conducted in accordance with safe-and-sound banking practices (collectively, the Affiliate Transaction Restrictions). In addition, transactions between Ally Bank and a nonbank affiliate generally must be on market terms and conditions.","Relevant","Describes affiliate business activity","Relevant",""
"10-K","Ally Financial Inc","40729","2013-FY","3/3/2014","Ally Bank","","affiliates","6 Table of Contents Ally Financial Inc. * Form 10-K * Transactions with Affiliates - Certain transactions between Ally Bank and any of its nonbank ""affiliates,"" including but not limited to Ally, are subject to federal statutory and regulatory restrictions. Pursuant to these restrictions, unless otherwise exempted, ""covered transactions"" including Ally Bank's extensions of credit to and asset purchases from its nonbank affiliates, generally (1) are limited to 10% of Ally Bank's capital stock and surplus with respect to transactions with any individual affiliate, with an aggregate limit of 20% of Ally Bank's capital stock and surplus for all affiliates and all such transactions; (2) in the case of certain credit transactions, are subject to stringent collateralization requirements; (3) in the case of asset purchases by Ally Bank, may not involve the purchase of any asset deemed to be a ""low quality asset"" under federal banking guidelines; and (4) must be conducted in accordance with safe-and-sound banking practices (collectively, the Affiliate Transaction Restrictions). In addition, transactions between Ally Bank and a nonbank affiliate generally must be on market terms and conditions.","Relevant","Describes affiliate business activity","Relevant",""
"10-K","Ally Financial Inc","40729","2013-FY","3/3/2014","Ally Bank","","affiliate","In addition, transactions between Ally Bank and a nonbank affiliate generally must be on market terms and conditions. Furthermore, there is an ""attribution rule"" that provides that a transaction between Ally Bank and a third party must be treated as a transaction between Ally Bank and a nonbank affiliate to the extent that the proceeds of the transaction are used for the benefit of or transferred to a nonbank affiliate of Ally Bank. For example, because Ally controls Ally Bank, Ally is an affiliate of Ally Bank for purposes of the Affiliate Transaction Restrictions.","Relevant","Describes affiliate business activity","Relevant",""
"10-K","Ally Financial Inc","40729","2013-FY","3/3/2014","Ally Bank","","affiliate","Furthermore, there is an ""attribution rule"" that provides that a transaction between Ally Bank and a third party must be treated as a transaction between Ally Bank and a nonbank affiliate to the extent that the proceeds of the transaction are used for the benefit of or transferred to a nonbank affiliate of Ally Bank. For example, because Ally controls Ally Bank, Ally is an affiliate of Ally Bank for purposes of the Affiliate Transaction Restrictions. Thus, retail financing transactions by Ally Bank involving vehicles for which Ally provided floorplan financing are subject to the Affiliate Transaction Restrictions because the proceeds of the retail financings are deemed to benefit, and are ultimately transferred to, Ally.","Relevant","Business activity with example","Relevant",""
"10-K","Ally Financial Inc","40729","2013-FY","3/3/2014","Ally","","Affiliate","For example, because Ally controls Ally Bank, Ally is an affiliate of Ally Bank for purposes of the Affiliate Transaction Restrictions. Thus, retail financing transactions by Ally Bank involving vehicles for which Ally provided floorplan financing are subject to the Affiliate Transaction Restrictions because the proceeds of the retail financings are deemed to benefit, and are ultimately transferred to, Ally. Under the Dodd-Frank Act, among other changes to the Affiliate Transaction Restrictions, credit exposures arising from derivatives transactions, securities lending and borrowing transactions, and acceptance of affiliate-issued debt obligations (other than securities) as collateral for a loan or extension of credit will be treated as ""covered transactions."" The Dodd-Frank Act also expands the scope of covered transactions required to be collateralized, requires that collateral be maintained at all times for covered transactions required to be collateralized, and places limits on acceptable collateral.","Relevant","Applies regulation to business activity","Relevant",""
"10-K","Ally Financial Inc","40729","2013-FY","3/3/2014","Ally Financial Inc.","","affiliates","Our business, financial position, and results of operations could be adversely affected by the impact of affiliate transaction restrictions imposed in connection with certain financing transactions. Certain transactions between Ally Bank and any of its nonbank ""affiliates,"" including but not limited to Ally Financial Inc. are subject to federal statutory and regulatory restrictions. Pursuant to these restrictions, unless otherwise exempted, ""covered transactions,"" including Ally Bank?s extensions of credit to and asset purchases from its nonbank affiliates, generally (1) are limited to 10% of Ally Bank?s capital stock and surplus with respect to transactions with any individual affiliate, with an aggregate limit of 20% of Ally Bank?s capital stock and surplus for all affiliates and all such transactions; (2) in the case of certain credit transactions, are subject to stringent collateralization requirements; (3) in the case of asset purchases by Ally Bank, may not involve the purchase of any asset deemed to be a ""low quality asset"" under federal banking guidelines; and (4) must be conducted in accordance with safe-and-sound banking practices (collectively, the Affiliate Transaction Restrictions).","Relevant","Describes affiliate business activity","Relevant",""
"10-K","Ally Financial Inc","40729","2013-FY","3/3/2014","Ally Bank","","affiliates","Certain transactions between Ally Bank and any of its nonbank ""affiliates,"" including but not limited to Ally Financial Inc. are subject to federal statutory and regulatory restrictions. Pursuant to these restrictions, unless otherwise exempted, ""covered transactions,"" including Ally Bank?s extensions of credit to and asset purchases from its nonbank affiliates, generally (1) are limited to 10% of Ally Bank?s capital stock and surplus with respect to transactions with any individual affiliate, with an aggregate limit of 20% of Ally Bank?s capital stock and surplus for all affiliates and all such transactions; (2) in the case of certain credit transactions, are subject to stringent collateralization requirements; (3) in the case of asset purchases by Ally Bank, may not involve the purchase of any asset deemed to be a ""low quality asset"" under federal banking guidelines; and (4) must be conducted in accordance with safe-and-sound banking practices (collectively, the Affiliate Transaction Restrictions). Furthermore, there is an ""attribution rule"" that provides that a transaction between Ally Bank and a third party must be treated as a transaction between Ally Bank and a nonbank affiliate to the extent that the proceeds of the transaction are used for the benefit of, or transferred to, a nonbank affiliate of Ally Bank.","Relevant","Describes affiliate business activity","Relevant",""
"10-K","Ally Financial Inc","40729","2013-FY","3/3/2014","Ally Bank","","affiliates","Certain transactions between Ally Bank and any of its nonbank ""affiliates,"" including but not limited to Ally Financial Inc. are subject to federal statutory and regulatory restrictions. Pursuant to these restrictions, unless otherwise exempted, ""covered transactions,"" including Ally Bank?s extensions of credit to and asset purchases from its nonbank affiliates, generally (1) are limited to 10% of Ally Bank?s capital stock and surplus with respect to transactions with any individual affiliate, with an aggregate limit of 20% of Ally Bank?s capital stock and surplus for all affiliates and all such transactions; (2) in the case of certain credit transactions, are subject to stringent collateralization requirements; (3) in the case of asset purchases by Ally Bank, may not involve the purchase of any asset deemed to be a ""low quality asset"" under federal banking guidelines; and (4) must be conducted in accordance with safe-and-sound banking practices (collectively, the Affiliate Transaction Restrictions). Furthermore, there is an ""attribution rule"" that provides that a transaction between Ally Bank and a third party must be treated as a transaction between Ally Bank and a nonbank affiliate to the extent that the proceeds of the transaction are used for the benefit of, or transferred to, a nonbank affiliate of Ally Bank.","Relevant","Describes affiliate business activity","Relevant",""
"10-K","Ally Financial Inc","40729","2013-FY","3/3/2014","Ally Bank","","affiliates","Certain transactions between Ally Bank and any of its nonbank ""affiliates,"" including but not limited to Ally Financial Inc. are subject to federal statutory and regulatory restrictions. Pursuant to these restrictions, unless otherwise exempted, ""covered transactions,"" including Ally Bank?s extensions of credit to and asset purchases from its nonbank affiliates, generally (1) are limited to 10% of Ally Bank?s capital stock and surplus with respect to transactions with any individual affiliate, with an aggregate limit of 20% of Ally Bank?s capital stock and surplus for all affiliates and all such transactions; (2) in the case of certain credit transactions, are subject to stringent collateralization requirements; (3) in the case of asset purchases by Ally Bank, may not involve the purchase of any asset deemed to be a ""low quality asset"" under federal banking guidelines; and (4) must be conducted in accordance with safe-and-sound banking practices (collectively, the Affiliate Transaction Restrictions). Furthermore, there is an ""attribution rule"" that provides that a transaction between Ally Bank and a third party must be treated as a transaction between Ally Bank and a nonbank affiliate to the extent that the proceeds of the transaction are used for the benefit of, or transferred to, a nonbank affiliate of Ally Bank.","Relevant","Describes affiliate business activity","Relevant",""
"10-K","Ally Financial Inc","40729","2013-FY","3/3/2014","Ally Bank","","affiliate","Pursuant to these restrictions, unless otherwise exempted, ""covered transactions,"" including Ally Bank?s extensions of credit to and asset purchases from its nonbank affiliates, generally (1) are limited to 10% of Ally Bank?s capital stock and surplus with respect to transactions with any individual affiliate, with an aggregate limit of 20% of Ally Bank?s capital stock and surplus for all affiliates and all such transactions; (2) in the case of certain credit transactions, are subject to stringent collateralization requirements; (3) in the case of asset purchases by Ally Bank, may not involve the purchase of any asset deemed to be a ""low quality asset"" under federal banking guidelines; and (4) must be conducted in accordance with safe-and-sound banking practices (collectively, the Affiliate Transaction Restrictions). Furthermore, there is an ""attribution rule"" that provides that a transaction between Ally Bank and a third party must be treated as a transaction between Ally Bank and a nonbank affiliate to the extent that the proceeds of the transaction are used for the benefit of, or transferred to, a nonbank affiliate of Ally Bank. Under the Dodd-Frank Act, among other changes to Sections 23A and 23B of the Federal Reserve Act, credit exposures resulting from derivatives transactions, securities lending and borrowing transactions, and acceptance of affiliate-issued debt obligations (other than securities) as collateral for a loan or extension of credit will be treated as ""covered transactions."" The Dodd-Frank Act also expands the scope of covered transactions required to be collateralized and places limits on acceptable collateral.","Relevant","Applies regulation to business activity","Relevant",""
"10-K","Ally Financial Inc","40729","2013-FY","3/3/2014","Equity Securities","","Issuer","21 Table of Contents Part II Ally Financial Inc. * Form 10-K Item 5. Market for Registrant's Common Equity, Related Stockholder Matters and Issuer Purchases of Equity Securities Common Stock We currently have a total of 1,547,779 shares of common stock authorized for issuance, of which 1,547,637 shares of common stock were issued and outstanding at February 28, 2014 . Our common stock is not registered with the Securities and Exchange Commission, and there is no established public trading market for the shares.","Relevant","Non-public common stock","Relevant",""
"10-K","Ally Financial Inc","40729","2013-FY","3/3/2014","Ally Financial Inc.","","Counterparty","Within our policies, we have established standards and requirements for managing counterparty risk exposures in a safe-and-sound manner. Counterparty credit risk is derived from multiple exposure types, including derivatives, securities trading, securities financing transactions, financial futures, cash 51 Table of Contents Management's Discussion and Analysis Ally Financial Inc. * Form 10-K balances (e.g., due from depository institutions, restricted accounts, and cash equivalents), and investment in debt securities. For more information on Derivative Counterparty Credit Risk, refer to Note 21 to the Consolidated Financial Statements .","Neutral","Only describes where risk occurs","Neutral",""
"10-K","Ally Financial Inc","40729","2013-FY","3/3/2014","Ally Bank","","seller","The Bankruptcy Court entered an order confirming the Plan on December 11, 2013, which became effective on December 17, 2013. The confirmed Plan excludes from the third party releases the Federal National Mortgage Association (Fannie Mae) and the Federal Home Loan Mortgage Corporation (Freddie Mac), and the Federal Housing Finance Agency (the FHFA) as conservator for Fannie Mae and Freddie Mac, with respect to certain ordinary-course claims against Ally Bank as a former mortgage seller and servicer, as well as the Department of Justice and state attorneys general with respect to certain types of claims. Further, AFI has agreed to settlements with each of the FHFA and the Federal Deposit Insurance Corporation (FDIC), as receiver for certain failed banks, pursuant to which, among other things, in exchange for a monetary payment, the FHFA?s and FDIC?s previously pending lawsuits against AFI were dismissed.","Relevant","Settlement and dismissed lawsuits","Relevant",""
"10-K","Ally Financial Inc","40729","2013-FY","3/3/2014","Ally","","issuer","Additionally, we issued and sold to Treasury a ten-year warrant to purchase up to 127,000 additional TRUPS with an aggregate liquidation preference of $127 million , at an initial exercise price of $0.01 per security, which Treasury immediately exercised in full. The Trust, as issuer of the TRUPS, is a variable interest entity which is not consolidated by Ally. Ally has issued junior subordinated notes to the Trust which are reflected as a component of our unsecured debt.","Highly relevant","","Highly relevant",""
"10-K","Ally Financial Inc","40729","2013-FY","3/3/2014","Ally","","Guarantor","27 . Parent and Guarantor Consolidating Financial Statements Certain of our senior notes are guaranteed by 100% directly owned subsidiaries of Ally (the Guarantors). As of December 31, 2013 , the Guarantors include Ally US LLC and IB Finance Holding Company, LLC (IB Finance), each of which fully and unconditionally guarantee the senior notes on a joint and several basis.","Relevant","Unconditional guarantee by Ally and subsidiaries","Relevant",""
"10-K","Ally Financial Inc","40729","2013-FY","3/3/2014","Ally US LLC","","Guarantors","Parent and Guarantor Consolidating Financial Statements Certain of our senior notes are guaranteed by 100% directly owned subsidiaries of Ally (the Guarantors). As of December 31, 2013 , the Guarantors include Ally US LLC and IB Finance Holding Company, LLC (IB Finance), each of which fully and unconditionally guarantee the senior notes on a joint and several basis. The following financial statements present condensed consolidating financial data for (i) Ally Financial Inc. (on a parent company-only basis), (ii) the Guarantors, (iii) the nonguarantor subsidiaries (all other subsidiaries), and (iv) an elimination column for adjustments to arrive at (v) the information for the parent company, Guarantors, and nonguarantors on a consolidated basis.","Relevant","Unconditional guarantee by Ally and subsidiaries","Relevant",""
"10-K","Ally Financial Inc","40729","2013-FY","3/3/2014","IB Finance Holding Company, LLC","","Guarantors","Parent and Guarantor Consolidating Financial Statements Certain of our senior notes are guaranteed by 100% directly owned subsidiaries of Ally (the Guarantors). As of December 31, 2013 , the Guarantors include Ally US LLC and IB Finance Holding Company, LLC (IB Finance), each of which fully and unconditionally guarantee the senior notes on a joint and several basis. The following financial statements present condensed consolidating financial data for (i) Ally Financial Inc. (on a parent company-only basis), (ii) the Guarantors, (iii) the nonguarantor subsidiaries (all other subsidiaries), and (iv) an elimination column for adjustments to arrive at (v) the information for the parent company, Guarantors, and nonguarantors on a consolidated basis.","Relevant","Unconditional guarantee by Ally and subsidiaries","Relevant",""
"10-K","Ally Financial Inc","40729","2013-FY","3/3/2014","IB Finance","","Guarantors","Parent and Guarantor Consolidating Financial Statements Certain of our senior notes are guaranteed by 100% directly owned subsidiaries of Ally (the Guarantors). As of December 31, 2013 , the Guarantors include Ally US LLC and IB Finance Holding Company, LLC (IB Finance), each of which fully and unconditionally guarantee the senior notes on a joint and several basis. The following financial statements present condensed consolidating financial data for (i) Ally Financial Inc. (on a parent company-only basis), (ii) the Guarantors, (iii) the nonguarantor subsidiaries (all other subsidiaries), and (iv) an elimination column for adjustments to arrive at (v) the information for the parent company, Guarantors, and nonguarantors on a consolidated basis.","Relevant","Unconditional guarantee by Ally and subsidiaries","Relevant",""
"10-K","Ally Financial Inc","40729","2013-FY","3/3/2014","Ally","","Guarantors","The elimination entries set forth in the following condensed consolidating financial statements eliminate distributed and undistributed income of subsidiaries, investments in subsidiaries, and intercompany balances and transactions between the parent, Guarantors, and nonguarantors. 158 Table of Contents Notes to Consolidated Financial Statements Ally Financial Inc. * Form 10-K Condensed Consolidating Statements of Comprehensive Income Year ended December 31, 2013 ($ in millions) Parent Guarantors Nonguarantors Consolidating adjustments Ally consolidated Financing revenue and other interest income Interest and fees on finance receivables and loans $ 771 $ - $ 3,758 $ - $ 4,529 Interest and fees on finance receivables and loans - intercompany 59 - 68 (127 ) - Interest on loans held-for-sale - - 20 - 20 Interest and dividends on available-for-sale investment securities - - 325 - 325 Interest-bearing cash 3 - 7 - 10 Interest-bearing cash - intercompany - - 7 (7 ) - Operating leases 500 - 2,709 - 3,209 Total financing revenue and other interest income 1,333 - 6,894 (134 ) 8,093 Interest expense Interest on deposits 25 - 629 - 654 Interest on short-term borrowings 46 - 17 - 63 Interest on long-term debt 2,039 - 568 (5 ) 2,602 Interest on intercompany debt 66 - 62 (128 ) - Total interest expense 2,176 - 1,276 (133 ) 3,319 Depreciation expense on operating lease assets 369 - 1,626 - 1,995 Net financing (loss) revenue (1,212 ) - 3,992 (1 ) 2,779 Dividends from subsidiaries Nonbank subsidiaries 5,732 3,659 - (9,391 ) - Other revenue Servicing fees 152 - (26 ) - 126 Servicing asset valuation and hedge activities, net - - (213 ) - (213 ) Total servicing income (loss), net 152 - (239 ) - (87 ) Insurance premiums and service revenue earned - - 1,012 - 1,012 Gain on mortgage and automotive loans, net - - 55 - 55 (Loss) gain on extinguishment of debt (61 ) - 2 - (59 ) Other gain on investments, net - - 180 - 180 Other income, net of losses 157 - 1,438 (1,212 ) 383 Total other reven....","Highly relevant","","Highly relevant",""
"10-K","Ally Financial Inc","40729","2013-FY","3/3/2014","Ally","","Guarantors","The elimination entries set forth in the following condensed consolidating financial statements eliminate distributed and undistributed income of subsidiaries, investments in subsidiaries, and intercompany balances and transactions between the parent, Guarantors, and nonguarantors. 158 Table of Contents Notes to Consolidated Financial Statements Ally Financial Inc. * Form 10-K Condensed Consolidating Statements of Comprehensive Income Year ended December 31, 2013 ($ in millions) Parent Guarantors Nonguarantors Consolidating adjustments Ally consolidated Financing revenue and other interest income Interest and fees on finance receivables and loans $ 771 $ - $ 3,758 $ - $ 4,529 Interest and fees on finance receivables and loans - intercompany 59 - 68 (127 ) - Interest on loans held-for-sale - - 20 - 20 Interest and dividends on available-for-sale investment securities - - 325 - 325 Interest-bearing cash 3 - 7 - 10 Interest-bearing cash - intercompany - - 7 (7 ) - Operating leases 500 - 2,709 - 3,209 Total financing revenue and other interest income 1,333 - 6,894 (134 ) 8,093 Interest expense Interest on deposits 25 - 629 - 654 Interest on short-term borrowings 46 - 17 - 63 Interest on long-term debt 2,039 - 568 (5 ) 2,602 Interest on intercompany debt 66 - 62 (128 ) - Total interest expense 2,176 - 1,276 (133 ) 3,319 Depreciation expense on operating lease assets 369 - 1,626 - 1,995 Net financing (loss) revenue (1,212 ) - 3,992 (1 ) 2,779 Dividends from subsidiaries Nonbank subsidiaries 5,732 3,659 - (9,391 ) - Other revenue Servicing fees 152 - (26 ) - 126 Servicing asset valuation and hedge activities, net - - (213 ) - (213 ) Total servicing income (loss), net 152 - (239 ) - (87 ) Insurance premiums and service revenue earned - - 1,012 - 1,012 Gain on mortgage and automotive loans, net - - 55 - 55 (Loss) gain on extinguishment of debt (61 ) - 2 - (59 ) Other gain on investments, net - - 180 - 180 Other income, net of losses 157 - 1,438 (1,212 ) 383 Total other reven....","Highly relevant","","Highly relevant",""
"10-K","Ally Financial Inc","40729","2013-FY","3/3/2014","Ally","","Guarantors","The elimination entries set forth in the following condensed consolidating financial statements eliminate distributed and undistributed income of subsidiaries, investments in subsidiaries, and intercompany balances and transactions between the parent, Guarantors, and nonguarantors. 158 Table of Contents Notes to Consolidated Financial Statements Ally Financial Inc. * Form 10-K Condensed Consolidating Statements of Comprehensive Income Year ended December 31, 2013 ($ in millions) Parent Guarantors Nonguarantors Consolidating adjustments Ally consolidated Financing revenue and other interest income Interest and fees on finance receivables and loans $ 771 $ - $ 3,758 $ - $ 4,529 Interest and fees on finance receivables and loans - intercompany 59 - 68 (127 ) - Interest on loans held-for-sale - - 20 - 20 Interest and dividends on available-for-sale investment securities - - 325 - 325 Interest-bearing cash 3 - 7 - 10 Interest-bearing cash - intercompany - - 7 (7 ) - Operating leases 500 - 2,709 - 3,209 Total financing revenue and other interest income 1,333 - 6,894 (134 ) 8,093 Interest expense Interest on deposits 25 - 629 - 654 Interest on short-term borrowings 46 - 17 - 63 Interest on long-term debt 2,039 - 568 (5 ) 2,602 Interest on intercompany debt 66 - 62 (128 ) - Total interest expense 2,176 - 1,276 (133 ) 3,319 Depreciation expense on operating lease assets 369 - 1,626 - 1,995 Net financing (loss) revenue (1,212 ) - 3,992 (1 ) 2,779 Dividends from subsidiaries Nonbank subsidiaries 5,732 3,659 - (9,391 ) - Other revenue Servicing fees 152 - (26 ) - 126 Servicing asset valuation and hedge activities, net - - (213 ) - (213 ) Total servicing income (loss), net 152 - (239 ) - (87 ) Insurance premiums and service revenue earned - - 1,012 - 1,012 Gain on mortgage and automotive loans, net - - 55 - 55 (Loss) gain on extinguishment of debt (61 ) - 2 - (59 ) Other gain on investments, net - - 180 - 180 Other income, net of losses 157 - 1,438 (1,212 ) 383 Total other reven....","Highly relevant","","Highly relevant",""
"10-K","Ally Financial Inc","40729","2013-FY","3/3/2014","Ally","","Guarantors","The elimination entries set forth in the following condensed consolidating financial statements eliminate distributed and undistributed income of subsidiaries, investments in subsidiaries, and intercompany balances and transactions between the parent, Guarantors, and nonguarantors. 158 Table of Contents Notes to Consolidated Financial Statements Ally Financial Inc. * Form 10-K Condensed Consolidating Statements of Comprehensive Income Year ended December 31, 2013 ($ in millions) Parent Guarantors Nonguarantors Consolidating adjustments Ally consolidated Financing revenue and other interest income Interest and fees on finance receivables and loans $ 771 $ - $ 3,758 $ - $ 4,529 Interest and fees on finance receivables and loans - intercompany 59 - 68 (127 ) - Interest on loans held-for-sale - - 20 - 20 Interest and dividends on available-for-sale investment securities - - 325 - 325 Interest-bearing cash 3 - 7 - 10 Interest-bearing cash - intercompany - - 7 (7 ) - Operating leases 500 - 2,709 - 3,209 Total financing revenue and other interest income 1,333 - 6,894 (134 ) 8,093 Interest expense Interest on deposits 25 - 629 - 654 Interest on short-term borrowings 46 - 17 - 63 Interest on long-term debt 2,039 - 568 (5 ) 2,602 Interest on intercompany debt 66 - 62 (128 ) - Total interest expense 2,176 - 1,276 (133 ) 3,319 Depreciation expense on operating lease assets 369 - 1,626 - 1,995 Net financing (loss) revenue (1,212 ) - 3,992 (1 ) 2,779 Dividends from subsidiaries Nonbank subsidiaries 5,732 3,659 - (9,391 ) - Other revenue Servicing fees 152 - (26 ) - 126 Servicing asset valuation and hedge activities, net - - (213 ) - (213 ) Total servicing income (loss), net 152 - (239 ) - (87 ) Insurance premiums and service revenue earned - - 1,012 - 1,012 Gain on mortgage and automotive loans, net - - 55 - 55 (Loss) gain on extinguishment of debt (61 ) - 2 - (59 ) Other gain on investments, net - - 180 - 180 Other income, net of losses 157 - 1,438 (1,212 ) 383 Total other reven....","Highly relevant","","Highly relevant",""
"10-K","Ally Financial Inc","40729","2013-FY","3/3/2014","Ally","","Guarantors","158 Table of Contents Notes to Consolidated Financial Statements Ally Financial Inc. * Form 10-K Condensed Consolidating Statements of Comprehensive Income Year ended December 31, 2013 ($ in millions) Parent Guarantors Nonguarantors Consolidating adjustments Ally consolidated Financing revenue and other interest income Interest and fees on finance receivables and loans $ 771 $ - $ 3,758 $ - $ 4,529 Interest and fees on finance receivables and loans - intercompany 59 - 68 (127 ) - Interest on loans held-for-sale - - 20 - 20 Interest and dividends on available-for-sale investment securities - - 325 - 325 Interest-bearing cash 3 - 7 - 10 Interest-bearing cash - intercompany - - 7 (7 ) - Operating leases 500 - 2,709 - 3,209 Total financing revenue and other interest income 1,333 - 6,894 (134 ) 8,093 Interest expense Interest on deposits 25 - 629 - 654 Interest on short-term borrowings 46 - 17 - 63 Interest on long-term debt 2,039 - 568 (5 ) 2,602 Interest on intercompany debt 66 - 62 (128 ) - Total interest expense 2,176 - 1,276 (133 ) 3,319 Depreciation expense on operating lease assets 369 - 1,626 - 1,995 Net financing (loss) revenue (1,212 ) - 3,992 (1 ) 2,779 Dividends from subsidiaries Nonbank subsidiaries 5,732 3,659 - (9,391 ) - Other revenue Servicing fees 152 - (26 ) - 126 Servicing asset valuation and hedge activities, net - - (213 ) - (213 ) Total servicing income (loss), net 152 - (239 ) - (87 ) Insurance premiums and service revenue earned - - 1,012 - 1,012 Gain on mortgage and automotive loans, net - - 55 - 55 (Loss) gain on extinguishment of debt (61 ) - 2 - (59 ) Other gain on investments, net - - 180 - 180 Other income, net of losses 157 - 1,438 (1,212 ) 383 Total other revenue 248 - 2,448 (1,212 ) 1,484 Total net revenue 4,768 3,659 6,440 (10,604 ) 4,263 Provision for loan losses 196 - 305 - 501 Noninterest expense Compensation and benefits expense 639 - 822 (442 ) 1,019 Insurance losses and loss adjustment expenses - - 405 - 405 Other operating expens....","Highly relevant","","Highly relevant",""
"10-K","Ally Financial Inc","40729","2013-FY","3/3/2014","Ally","","Guarantors","162 Table of Contents Notes to Consolidated Financial Statements Ally Financial Inc. * Form 10-K December 31, 2012 ($ in millions) Parent (a) Guarantors Nonguarantors (a) Consolidating adjustments Ally consolidated Assets Cash and cash equivalents Noninterest-bearing $ 729 $ - $ 344 $ - $ 1,073 Noninterest-bearing - intercompany 39 - - (39 ) - Interest-bearing 3,204 - 3,236 - 6,440 Interest-bearing - intercompany - - 452 (452 ) - Total cash and cash equivalents 3,972 - 4,032 (491 ) 7,513 Investment securities - - 14,178 - 14,178 Loans held-for-sale, net - - 2,576 - 2,576 Finance receivables and loans, net Finance receivables and loans, net 12,486 - 86,569 - 99,055 Intercompany loans to Bank subsidiary 1,600 - - (1,600 ) - Nonbank subsidiaries 3,514 - 672 (4,186 ) - Allowance for loan losses (170 ) - (1,000 ) - (1,170 ) Total finance receivables and loans, net 17,430 - 86,241 (5,786 ) 97,885 Investment in operating leases, net 2,003 - 11,547 - 13,550 Intercompany receivables from Bank subsidiary 677 - - (677 ) - Nonbank subsidiaries 315 334 378 (1,027 ) - Investment in subsidiaries Bank subsidiary 14,288 14,288 - (28,576 ) - Nonbank subsidiaries 19,180 3,723 - (22,903 ) - Mortgage servicing rights - - 952 - 952 Premiums receivable and other insurance assets - - 1,609 - 1,609 Other assets 2,514 - 9,968 (574 ) 11,908 Assets of operations held-for-sale 855 762 30,582 (23 ) 32,176 Total assets $ 61,234 $ 19,107 $ 162,063 $ (60,057 ) $ 182,347 Liabilities Deposit liabilities Noninterest-bearing $ - $ - $ 1,977 $ - $ 1,977 Noninterest-bearing - intercompany - - 39 (39 ) - Interest-bearing 983 - 44,955 - 45,938 Total deposit liabilities 983 - 46,971 (39 ) 47,915 Short-term borrowings 3,094 - 4,367 - 7,461 Long-term debt 32,342 - 42,219 - 74,561 Intercompany debt to Nonbank subsidiaries 530 - 5,708 (6,238 ) - Intercompany payables to Bank subsidiary 752 - - (752 ) - Nonbank subsidiaries 674 - 278 (952 ) - Interest payable 748 - 184 - 932 Unearned insurance premiums and servi....","Highly relevant","","Highly relevant",""
"10-K","Ally Financial Inc","40729","2013-FY","3/3/2014","Ally","","Guarantors","162 Table of Contents Notes to Consolidated Financial Statements Ally Financial Inc. * Form 10-K December 31, 2012 ($ in millions) Parent (a) Guarantors Nonguarantors (a) Consolidating adjustments Ally consolidated Assets Cash and cash equivalents Noninterest-bearing $ 729 $ - $ 344 $ - $ 1,073 Noninterest-bearing - intercompany 39 - - (39 ) - Interest-bearing 3,204 - 3,236 - 6,440 Interest-bearing - intercompany - - 452 (452 ) - Total cash and cash equivalents 3,972 - 4,032 (491 ) 7,513 Investment securities - - 14,178 - 14,178 Loans held-for-sale, net - - 2,576 - 2,576 Finance receivables and loans, net Finance receivables and loans, net 12,486 - 86,569 - 99,055 Intercompany loans to Bank subsidiary 1,600 - - (1,600 ) - Nonbank subsidiaries 3,514 - 672 (4,186 ) - Allowance for loan losses (170 ) - (1,000 ) - (1,170 ) Total finance receivables and loans, net 17,430 - 86,241 (5,786 ) 97,885 Investment in operating leases, net 2,003 - 11,547 - 13,550 Intercompany receivables from Bank subsidiary 677 - - (677 ) - Nonbank subsidiaries 315 334 378 (1,027 ) - Investment in subsidiaries Bank subsidiary 14,288 14,288 - (28,576 ) - Nonbank subsidiaries 19,180 3,723 - (22,903 ) - Mortgage servicing rights - - 952 - 952 Premiums receivable and other insurance assets - - 1,609 - 1,609 Other assets 2,514 - 9,968 (574 ) 11,908 Assets of operations held-for-sale 855 762 30,582 (23 ) 32,176 Total assets $ 61,234 $ 19,107 $ 162,063 $ (60,057 ) $ 182,347 Liabilities Deposit liabilities Noninterest-bearing $ - $ - $ 1,977 $ - $ 1,977 Noninterest-bearing - intercompany - - 39 (39 ) - Interest-bearing 983 - 44,955 - 45,938 Total deposit liabilities 983 - 46,971 (39 ) 47,915 Short-term borrowings 3,094 - 4,367 - 7,461 Long-term debt 32,342 - 42,219 - 74,561 Intercompany debt to Nonbank subsidiaries 530 - 5,708 (6,238 ) - Intercompany payables to Bank subsidiary 752 - - (752 ) - Nonbank subsidiaries 674 - 278 (952 ) - Interest payable 748 - 184 - 932 Unearned insurance premiums and servi....","Highly relevant","","Highly relevant",""
"10-K","Ally Financial Inc","40729","2013-FY","3/3/2014","Ally","","Guarantors","162 Table of Contents Notes to Consolidated Financial Statements Ally Financial Inc. * Form 10-K December 31, 2012 ($ in millions) Parent (a) Guarantors Nonguarantors (a) Consolidating adjustments Ally consolidated Assets Cash and cash equivalents Noninterest-bearing $ 729 $ - $ 344 $ - $ 1,073 Noninterest-bearing - intercompany 39 - - (39 ) - Interest-bearing 3,204 - 3,236 - 6,440 Interest-bearing - intercompany - - 452 (452 ) - Total cash and cash equivalents 3,972 - 4,032 (491 ) 7,513 Investment securities - - 14,178 - 14,178 Loans held-for-sale, net - - 2,576 - 2,576 Finance receivables and loans, net Finance receivables and loans, net 12,486 - 86,569 - 99,055 Intercompany loans to Bank subsidiary 1,600 - - (1,600 ) - Nonbank subsidiaries 3,514 - 672 (4,186 ) - Allowance for loan losses (170 ) - (1,000 ) - (1,170 ) Total finance receivables and loans, net 17,430 - 86,241 (5,786 ) 97,885 Investment in operating leases, net 2,003 - 11,547 - 13,550 Intercompany receivables from Bank subsidiary 677 - - (677 ) - Nonbank subsidiaries 315 334 378 (1,027 ) - Investment in subsidiaries Bank subsidiary 14,288 14,288 - (28,576 ) - Nonbank subsidiaries 19,180 3,723 - (22,903 ) - Mortgage servicing rights - - 952 - 952 Premiums receivable and other insurance assets - - 1,609 - 1,609 Other assets 2,514 - 9,968 (574 ) 11,908 Assets of operations held-for-sale 855 762 30,582 (23 ) 32,176 Total assets $ 61,234 $ 19,107 $ 162,063 $ (60,057 ) $ 182,347 Liabilities Deposit liabilities Noninterest-bearing $ - $ - $ 1,977 $ - $ 1,977 Noninterest-bearing - intercompany - - 39 (39 ) - Interest-bearing 983 - 44,955 - 45,938 Total deposit liabilities 983 - 46,971 (39 ) 47,915 Short-term borrowings 3,094 - 4,367 - 7,461 Long-term debt 32,342 - 42,219 - 74,561 Intercompany debt to Nonbank subsidiaries 530 - 5,708 (6,238 ) - Intercompany payables to Bank subsidiary 752 - - (752 ) - Nonbank subsidiaries 674 - 278 (952 ) - Interest payable 748 - 184 - 932 Unearned insurance premiums and servi....","Highly relevant","","Highly relevant",""
"10-K","Ally Financial Inc","40729","2013-FY","3/3/2014","Ally Bank","","seller","The Bankruptcy Court entered an order confirming the Plan on December 11, 2013, which became effective on December 17, 2013. The confirmed Plan excludes from the third party releases the Federal National Mortgage Association (Fannie Mae) and the Federal Home Loan Mortgage Corporation (Freddie Mac), and the Federal Housing Finance Agency (the FHFA) as conservator for Fannie Mae and Freddie Mac, with respect to certain ordinary-course claims against Ally Bank as a former mortgage seller and servicer, as well as the Department of Justice and state attorneys general with respect to certain types of claims. Further, AFI has agreed to settlements with each of the FHFA and the Federal Deposit Insurance Corporation (FDIC), as receiver for certain failed banks, pursuant to which, among other things, in exchange for a monetary payment, the FHFA?s and FDIC?s previously pending lawsuits against AFI were dismissed.","Relevant","Settlement and dismissed lawsuits","Relevant",""
"10-K","Ally Financial Inc","40729","2013-FY","3/3/2014","Cerberus Capital Management, L.P.","","affiliates","In addition, on August 19, 2013, Ally, FIM and Treasury entered into a Stockholders Agreement (the Stockholders Agreement) in order to memorialize certain understandings relating to the composition of the Ally board of directors (the Board). Based on the current ownership of our common stock, the Stockholders Agreement provides that the Board is to be comprised of the following: (1) one director designated by affiliates of Cerberus Capital Management, L.P., (2) four directors designated by Treasury, (3) the chief executive officer of Ally, and (4) five independent directors chosen by the members described in (1) through (3) above. Currently, the Board consists of the Cerberus appointed director, the chief executive officer of Ally, four directors designated by Treasury, and five independent directors.","Neutral","General activity","Neutral",""
"10-K","Ally Financial Inc","40729","2013-FY","3/3/2014","Ally","","affiliates","In addition, on August 19, 2013, Ally, FIM and Treasury entered into a Stockholders Agreement (the Stockholders Agreement) in order to memorialize certain understandings relating to the composition of the Ally board of directors (the Board). Based on the current ownership of our common stock, the Stockholders Agreement provides that the Board is to be comprised of the following: (1) one director designated by affiliates of Cerberus Capital Management, L.P., (2) four directors designated by Treasury, (3) the chief executive officer of Ally, and (4) five independent directors chosen by the members described in (1) through (3) above. Currently, the Board consists of the Cerberus appointed director, the chief executive officer of Ally, four directors designated by Treasury, and five independent directors.","Neutral","General activity","Neutral",""
"10-K","Ally Financial Inc","40729","2013-FY","3/3/2014","Ally","","affiliates","Capital Contributions Received from GM During 2013 , we did not receive any capital contributions from GM. Related Party Transaction Procedures Pursuant to the Ally Financial Inc. Bylaws amended January 10, 2014 (the Bylaws), Ally and its subsidiaries must, subject to certain limited exceptions, conduct all transactions with its affiliates, stockholders and their affiliates, current or former officers or directors, or any of their respective family members on terms that are fair and reasonable and no less favorable to Ally than it would obtain in a comparable arm's-length transaction with an independent third party. In addition, the Bylaws further provide for procedures and approval requirements for certain transactions with related persons.","Neutral","General business activity","Neutral",""
"10-K","Ally Financial Inc","40729","2013-FY","3/3/2014","Deloitte & Touche","","affiliates","Item 14. Principal Accountant Fees and Services We retained Deloitte & Touche LLP, the member firms of Deloitte Touche Tohmatsu Limited, and their respective affiliates (collectively, Deloitte & Touche) to audit our consolidated financial statements for the year ended December 31, 2013 . We also retained Deloitte & Touche, as well as other accounting and consulting firms, to provide various other services in 2013 .","Neutral","Listed auditor/consultants","Neutral",""
"10-K","Ally Financial Inc","40729","2013-FY","3/3/2014","Guaranty Trust Company of New York","","Trustee","3.4 Amendment to Bylaws of Ally Financial Inc., dated as of January 10, 2014 Filed as Exhibit 3.2 to the Company's Current Report of Form 8-K dated as of January 13, 2014, (File No. 1-3754), incorporated herein by reference. 4.1 Form of Indenture dated as of July 1, 1982, between the Company and Bank of New York (Successor Trustee to Morgan Guaranty Trust Company of New York), relating to Debt Securities Filed as Exhibit 4(a) to the Company's Registration Statement No. 2-75115, incorporated herein by reference. 4.1.1 Form of First Supplemental Indenture dated as of April 1, 1986, supplementing the Indenture designated as Exhibit 4.1 Filed as Exhibit 4(g) to the Company's Registration Statement No. 33-4653, incorporated herein by reference.","Relevant","Naming successor trustee","Relevant",""
"10-K","Ally Financial Inc","40729","2013-FY","3/3/2014","Comerica Bank","","Trustee","4.2.2 Form of Second Supplemental Indenture dated as of June 20, 2006, supplementing the Indenture designated as Exhibit 4.2 Filed as Exhibit 4(a)(2) to the Company's Registration Statement No. 33-136021, incorporated herein by reference. 4.3 Form of Indenture dated as of October 15, 1985, between the Company and U.S. Bank Trust (Successor Trustee to Comerica Bank), relating to Demand Notes Filed as Exhibit 4 to the Company's Registration Statement No. 2-99057, incorporated herein by reference. 4.3.1 Form of First Supplemental Indenture dated as of April 1, 1986, supplementing the Indenture designated as Exhibit 4.3 Filed as Exhibit 4(a) to the Company's Registration Statement No. 33-4661, incorporated herein by reference.","Neutral","","Neutral",""
"10-K","Ally Financial Inc","40729","2013-FY","3/3/2014","The Bank of New York Mellon","","Trustee","4.9 Form of Floating Rate Senior Unsecured Note Filed as Exhibit 4.9 to the Company's Registration Statement No. 333-193070, incorporated herein by reference. 4.10 Form of Subordinated Indenture to be entered into between the Company and The Bank of New York Mellon, as Trustee Filed as Exhibit 4.11 to the Company's Registration Statement No. 333-193070, incorporated herein by reference. 4.11 Form of Subordinated Note Included in Exhibit 4.10.","Neutral","","Neutral",""
"10-K","Ally Financial Inc","40729","2013-FY","3/3/2014","GMAC Capital Trust I","","trustees","4.11 Form of Subordinated Note Included in Exhibit 4.10. 4.12 Second Amended and Restated Declaration of Trust by and between the trustees of each series of GMAC Capital Trust I, Ally Financial Inc., as Sponsor, and by the holders, from time to time, of undivided beneficial interests in the relevant series of GMAC Capital Trust I, dated as of March 1, 2011 Filed as Exhibit 4.1 to the Company's Current Report on Form 8-K dated as of March 4, 2011 (File No. 1-3754), incorporated herein by reference. 4.13 Series 2 Trust Preferred Securities Guarantee Agreement between Ally Financial Inc. and The Bank of New York Mellon, dated as of March 1, 2011 Filed as Exhibit 4.3 to the Company's Current Report on Form 8-K dated as of March 4, 2011 (File No. 1-3754), incorporated herein by reference.","Neutral","","Neutral",""
"10-K","Ally Financial Inc","40729","2013-FY","3/3/2014","Computershare Trust Company, N.A.","","Agent","10.32 Form of Investment No. 1 to Investment Agreement Filed as Exhibit 10.1 to the Company's Current Report on Form 8-K dated as of November 15, 2013 (File No. 1-3754) incorporated herein by reference. 10.33 Tax Asset Protection Plan dated as of January 10, 2014 between Ally Financial Inc. and Computershare Trust Company, N.A., as Rights Agent Filed as Exhibit 10.1 to the Company's Current Report on Form 8-K dated as of January 13, 2014 (File No. 1-3754) incorporated herein by reference 10.34 Consent Order, dated December 23, 2013 (Department of Justice) Filed herewith. 10.35 Consent Order, dated December 19, 2013 (Consumer Financial Protection Bureau) Filed herewith.","Neutral","","Neutral",""
